protIDs,surfaces,prot_lengths,surface_seq,frac_mod_beta_list,frac_mod_alfa_list,frac_exp_alfa_list,frac_k_minus_r,frac_neg,frac_pos,frac_charged,pos_minus_neg
P37757,13520.29603721408,290,46.621710473152,0.42857142857142855,0.0,0.0,0.0,0.0009765625,0.0,0.0009765625,-0.0009765625
P0ABK9,20506.568170552844,441,46.50015458175248,0.45454545454545453,0.3134920634920635,0.1865079365079365,0.0453514739229025,0.00030851342804695574,0.00035993233272144836,0.0006684457607684042,5.1418904674492615e-05
P33371,13494.940637243066,317,42.570790653763616,0.09090909090909091,0.2671232876712329,0.18493150684931506,-0.02208201892744479,0.00035824816646598133,0.0003781508423807581,0.0007363990088467394,1.990267591477676e-05
Q46822,8067.149487840103,153,52.726467240784984,0.2653061224489796,0.3023255813953488,0.3023255813953488,-0.0392156862745098,0.0006834977999914563,0.0006834977999914563,0.0013669955999829125,0.0
P07024,21874.042363679357,525,41.66484259748449,0.24528301886792453,0.2802547770700637,0.17197452229299362,0.04,0.00025396825396825396,0.00023945578231292518,0.0004934240362811791,-1.4512471655328779e-05
P76084,7687.174345478906,126,61.00932020221354,0.0,0.0,1.0,0.0,0.0,0.01,0.01,0.01
P45548,11230.081580858063,291,38.5913456386875,0.08695652173913043,0.27586206896551724,0.20689655172413793,-0.027491408934707903,0.0004251248804336274,0.0003896978070641584,0.0008148226874977858,-3.5427073369469013e-05
P77689,17026.18677395068,410,41.527284814513855,0.0,0.3,0.7,0.0,0.0,0.006944444444444444,0.006944444444444444,0.006944444444444444
P08200,19253.11125069205,416,46.2815174295482,0.1891891891891892,0.3045977011494253,0.1724137931034483,0.033653846153846145,0.0003351516272189349,0.00028892381656804735,0.0006240754437869823,-4.622781065088754e-05
P28305,12973.226536461858,269,48.22760794223739,0.1951219512195122,0.2625,0.3,-0.044609665427509285,0.000345489973880958,0.00037312917179143463,0.0007186191456723926,2.763919791047662e-05
P0A855,17537.58482123018,412,42.566953449587814,0.2611111111111111,0.2619047619047619,0.23809523809523808,-0.01466992665036675,0.00018531692182614882,0.00020325081748674386,0.00038856773931289273,1.793389566059504e-05
P27838,6204.910281990888,106,58.53688945274422,0.47058823529411764,0.30303030303030304,0.24242424242424243,-0.018867924528301886,0.00177999288002848,0.0007119971520113919,0.002491990032039872,-0.001067995728017088
P06715,20749.441422937292,448,46.3157174619136,0.26495726495726496,0.3067484662576687,0.2147239263803681,0.013392857142857144,0.00025908801020408165,0.0002640704719387755,0.0005231584821428572,4.982461734693829e-06
P06999,13724.099123017304,304,45.14506290466218,0.24615384615384617,0.2830188679245283,0.16981132075471697,0.0034722222222222238,0.00036168981481481485,0.0002893518518518519,0.0006510416666666666,-7.233796296296296e-05
P32056,8656.897594645721,160,54.10560996653576,0.19607843137254902,0.41304347826086957,0.2608695652173913,-0.0625,0.0008203125000000001,0.0006640624999999999,0.001484375,-0.00015625000000000014
P28629,32087.487471440912,755,42.499983405882006,0.1951219512195122,0.2727272727272727,0.22570532915360503,-0.005298013245033109,0.00016490504802420947,0.00014736195780886804,0.0003122670058330775,-1.7543090215341428e-05
P77555,15360.863892267418,337,45.581198493375126,0.2711864406779661,0.3103448275862069,0.21379310344827587,-0.014836795252225522,0.00029057225123052944,0.0003081826906990464,0.0005987549419295758,1.761043946851696e-05
P0A6Q3,8517.959196307926,166,51.31300720667425,0.3770491803278688,0.1935483870967742,0.16129032258064516,0.012048192771084335,0.00065321527072144,0.0006895050079837422,0.0013427202787051826,3.628973726230221e-05
P68767,21209.951705216867,503,42.16690199844307,0.10784313725490197,0.22772277227722773,0.1485148514851485,-0.015904572564612328,0.00021738357133540702,0.0002490029998932844,0.00046638657122869147,3.1619428557877374e-05
P63177,13085.340367336896,235,55.68229943547615,0.0,0.0,0.0,0.0,0.0,0.0,0.0,0.0
P0AAZ4,24118.577897959414,414,58.25743453613385,0.4166666666666667,0.3023255813953488,0.4186046511627907,-0.08571428571428572,0.0007256235827664399,0.0014512471655328798,0.00217687074829932,0.0007256235827664399
Q46829,19283.01894908493,470,41.02769989167006,0.17073170731707318,0.22758620689655173,0.21379310344827587,0.015384615384615385,0.00038816568047337274,0.00041656804733727806,0.0008047337278106508,2.840236686390532e-05
P0A877,13280.5762377506,258,51.47510169670775,0.5,0.20833333333333334,0.6666666666666666,0.017857142857142856,0.002869897959183673,0.0009566326530612245,0.0038265306122448974,-0.0019132653061224487
P0AFU8,11290.686569077945,206,54.80915810232012,0.2823529411764706,0.3404255319148936,0.40425531914893614,0.014563106796116505,0.0005655575454802526,0.0005891224432085964,0.001154679988688849,2.3564897728343818e-05
P0AF18,15662.882766916577,381,41.109928522090755,0.44,0.30303030303030304,0.3333333333333333,0.02142857142857143,0.0007653061224489794,0.0006122448979591836,0.0013775510204081633,-0.0001530612244897958
P0ADA1,8961.595902926165,179,50.0647815805931,0.0,0.4,0.6,0.0,0.0020811654526534857,0.0,0.0020811654526534857,-0.0020811654526534857
P0A752,10648.684672351945,213,49.99382475282603,0.26666666666666666,0.32608695652173914,0.20652173913043478,-0.018779342723004692,0.0005289955696621041,0.0005069540875928497,0.0010359496572549538,-2.2041482069254403e-05
P0ACU2,10596.803942726365,196,54.06532623839982,0.0,0.3161290322580645,0.2709677419354839,0.010204081632653059,0.0005466472303206997,0.0005726780508121616,0.0011193252811328614,2.6030820491461902e-05
P69441,10926.237064617153,214,51.05718254493997,0.24324324324324326,0.4,0.24761904761904763,0.023364485981308407,0.0007205869508253996,0.000676915014411739,0.0013975019652371383,-4.36719364136606e-05
P05804,25180.098801909902,590,42.678133562559154,0.0,0.0,0.0,0.0,0.0,0.0,0.0,0.0
P0AFI7,12058.806476791633,195,61.840033214316065,0.0,0.29411764705882354,0.6470588235294118,-0.09090909090909091,0.0027548209366391185,0.0027548209366391185,0.005509641873278237,0.0
P0AF93,6711.511922535926,126,53.265967639174015,0.23076923076923078,0.3684210526315789,0.18421052631578946,0.03809523809523809,0.0008163265306122449,0.0005442176870748299,0.0013605442176870747,-0.000272108843537415
P37672,16166.406266485914,317,50.99812702361487,0.0,0.4090909090909091,0.5,0.0,0.003333333333333333,0.0022222222222222222,0.005555555555555556,-0.001111111111111111
P0A9D4,11758.773289742794,253,46.47736478159207,0.0,0.19047619047619047,0.8095238095238095,0.0,0.006944444444444444,0.0,0.006944444444444444,-0.006944444444444444
P76270,7827.866362362334,159,49.23186391422852,0.3333333333333333,0.27419354838709675,0.24193548387096775,-0.012578616352201255,0.0007911079466793244,0.0005142201653415609,0.0013053281120208853,-0.00027688778133776355
P0ADV9,7741.561980676769,124,62.43195145707072,0.42857142857142855,0.0,0.0,0.061224489795918366,0.0016659725114535609,0.0020824656393169513,0.003748438150770512,0.00041649312786339043
P41409,12651.835921775446,302,41.89349642972002,0.3333333333333333,0.16,0.44,-0.012658227848101267,0.001121615125781125,0.000801153661272232,0.001922768787053357,-0.0003204614645088929
P09147,14088.813875268572,338,41.68288128777684,0.26229508196721313,0.2446043165467626,0.16546762589928057,-0.005917159763313605,0.00031511501698119817,0.0003501277966457757,0.0006652428136269739,3.501277966457754e-05
P17952,21237.522931726115,461,46.068379461444934,0.0,0.0,1.0,0.0,0.0,0.0,0.0,0.0
P75914,9946.873042931966,234,42.50800445697421,0.1875,0.3111111111111111,0.35555555555555557,0.037500000000000006,0.0006640625,0.0008203125,0.001484375,0.00015624999999999992
P0AFM2,13809.973253761531,309,44.69247007689816,0.2,0.3357664233576642,0.2116788321167883,0.06796116504854369,0.00032467192425718203,0.0003246719242571821,0.0006493438485143641,5.421010862427522e-20
P77202,12569.082992895543,229,54.88682529648709,0.26785714285714285,0.3409090909090909,0.23863636363636365,0.074235807860262,0.0004385881276100761,0.0004576571766366011,0.0008962453042466773,1.9069049026525003e-05
P08192,16937.82806813262,413,41.01169023760925,0.16666666666666666,0.275,0.2375,-0.02747252747252747,0.0005736022219538703,0.0004830334500664171,0.0010566356720202875,-9.056877188745322e-05
P0AC55,6421.512896956246,98,65.52564180567597,0.0,0.5384615384615384,0.46153846153846156,0.05263157894736842,0.0013850415512465374,0.0027700831024930744,0.004155124653739612,0.001385041551246537
P0A7E1,14534.901122666086,329,44.17903076798203,0.0,0.32142857142857145,0.5714285714285714,-0.041666666666666664,0.0008680555555555555,0.0026041666666666665,0.003472222222222222,0.001736111111111111
P0A6R3,6480.377240765918,79,82.03009165526478,0.0,0.0,0.0,0.0,0.0,0.0,0.0,0.0
Q46851,13796.533936932201,315,43.7985204347054,0.23076923076923078,0.25,0.23809523809523808,-0.01709401709401709,0.0003835196142888451,0.0004930966469428008,0.0008766162612316459,0.00010957703265395574
P0AA25,5778.80155026901,108,53.50742176175009,0.23333333333333334,0.34210526315789475,0.3157894736842105,0.08333333333333333,0.0012002743484224965,0.0007716049382716049,0.0019718792866941014,-0.00042866941015089156
P37744,14098.232425684806,290,48.61459457132692,0.23880597014925373,0.24324324324324326,0.24324324324324326,0.020689655172413793,0.0003923900118906064,0.000356718192627824,0.0007491082045184304,-3.5671819262782375e-05
P0A9C9,12835.718706472666,291,44.108998991315005,0.21739130434782608,0.32967032967032966,0.17582417582417584,-0.01718213058419244,0.0004015068315206481,0.0003424617092381998,0.000743968540758848,-5.90451222824483e-05
P39406,15102.4836229211,329,45.90420554079362,0.2,0.4583333333333333,0.3333333333333333,0.0,0.001913265306122449,0.002232142857142857,0.0041454081632653055,0.0003188775510204081
P31133,13606.918224859564,341,39.902985996655616,0.11290322580645161,0.27380952380952384,0.23809523809523808,0.055718475073313775,0.0003697938614219004,0.00035259414693716086,0.0007223880083590613,-1.7199714484739516e-05
P39451,14090.099881669234,336,41.93482107639653,0.22826086956521738,0.17757009345794392,0.21495327102803738,0.02976190476190476,0.00033659297052154196,0.0003631660997732426,0.0006997590702947845,2.6573129251700656e-05
P0AC88,15304.537344098606,335,45.68518610178688,0.2,0.16666666666666666,0.5833333333333334,0.06060606060606061,0.0018365472910927456,0.0018365472910927456,0.0036730945821854912,0.0
Q47690,11391.927901752033,288,39.555305214416784,0.13157894736842105,0.2975206611570248,0.2644628099173554,-0.03557312252964427,0.00045306128825633893,0.00034370166695308474,0.0007967629552094237,-0.00010935962130325419
P0AFC0,7958.509750676346,147,54.13952211344453,0.26,0.42857142857142855,0.19047619047619047,-0.027210884353741506,0.0008792632699338239,0.0008792632699338239,0.0017585265398676478,0.0
P69346,7640.896629782033,86,88.84763523002364,0.3333333333333333,0.2765957446808511,0.6595744680851063,-0.023255813953488372,0.0014872904272579773,0.0012168739859383451,0.0027041644131963224,-0.0002704164413196322
P0A6I3,15140.235191918564,302,50.133229112313124,0.0,0.3333333333333333,0.6666666666666666,0.0,0.0034602076124567475,0.0034602076124567475,0.006920415224913495,0.0
P0AEM0,10679.236552213399,160,66.74522845133374,0.3050847457627119,0.23809523809523808,0.42857142857142855,-0.0125,0.0008984375,0.0005078125,0.00140625,-0.000390625
P35340,24488.07498841272,519,47.18318880233665,0.2714285714285714,0.23076923076923078,0.26627218934911245,0.026974951830443163,0.0002450243353714903,0.00023388686558187708,0.0004789112009533674,-1.1137469789613202e-05
P0A9N4,11539.995349911242,245,47.102021836372415,0.23076923076923078,0.24210526315789474,0.2631578947368421,0.012244897959183682,0.0005830903790087463,0.0006497292794668888,0.0012328196584756351,6.663890045814245e-05
P0A6B7,16561.57203561873,385,43.017070222386316,0.24,0.28688524590163933,0.2459016393442623,-0.015337423312883437,0.00038578794836087167,0.00043283525913658774,0.0008186232074974595,4.704731077571607e-05
P26281,7978.745984141696,158,50.49839230469428,0.23809523809523808,0.2916666666666667,0.1875,-0.03164556962025317,0.0007210382951450087,0.0006409229290177856,0.0013619612241627945,-8.011536612722312e-05
P00452,27962.421300637077,727,38.46275282068374,0.35,0.2695035460992908,0.2127659574468085,-0.011363636363636367,0.0004447887970615243,0.0005165289256198347,0.0009613177226813589,7.174012855831041e-05
P76318,10165.582006784089,207,49.10909182021299,0.4166666666666667,0.5,0.375,-0.0625,0.00244140625,0.001220703125,0.003662109375,-0.001220703125
P75820,14231.747837959652,257,55.376450731360514,0.1590909090909091,0.26373626373626374,0.18681318681318682,-0.019455252918287938,0.0004390679646928795,0.0004996290632712077,0.0009386970279640873,6.056109857832822e-05
P0A993,13566.76691626859,304,44.62752275088352,0.0,0.28125,0.625,0.075,0.001875,0.003125,0.005,0.0012500000000000002
P39831,10685.436070376534,218,49.015761790718045,0.13793103448275862,0.3411764705882353,0.3058823529411765,-0.038461538461538464,0.0005434126313247192,0.0005736022219538703,0.0011170148532785897,3.0189590629151075e-05
P0ABP8,11565.428450087575,237,48.799276160707066,0.22388059701492538,0.3058823529411765,0.24705882352941178,0.008438818565400845,0.0005341024408481547,0.0005162990261532162,0.0010504014670013708,-1.7803414694938483e-05
P0AE18,11507.73288018533,264,43.58989727342928,0.0958904109589041,0.35526315789473684,0.17105263157894737,0.01901140684410646,0.0005204643698766789,0.0005349217134843644,0.0010553860833610433,1.4457343607685545e-05
P0ADS2,9437.357996869132,106,89.03167921574652,0.16666666666666666,0.38961038961038963,0.5324675324675324,-0.056603773584905655,0.001245995016019936,0.001067995728017088,0.002313990744037024,-0.000177999288002848
P28631,15927.68239162573,324,49.159513554400405,0.13793103448275862,0.23134328358208955,0.30597014925373134,-0.03488372093023256,0.00034553211946397453,0.0004657172044949222,0.0008112493239588967,0.00012018508503094764
P0ADU2,6722.589665611768,103,65.26786083118222,0.45454545454545453,0.25,0.3888888888888889,0.0,0.0009425959091337542,0.0010368555000471297,0.001979451409180884,9.425959091337549e-05
P0ABQ4,8411.29615333143,159,52.90123366875113,0.23404255319148937,0.3170731707317073,0.36585365853658536,-0.01886792452830189,0.000909774138681223,0.0006724417546774258,0.0015822158933586489,-0.00023733238400379722
P0A892,4485.031316417418,76,59.013569952860756,0.2727272727272727,0.4090909090909091,0.2727272727272727,-0.039473684210526314,0.0015581717451523544,0.0013850415512465374,0.0029432132963988916,-0.00017313019390581704
P31808,11655.995795485162,245,47.57549304279658,0.2,0.2807017543859649,0.23684210526315788,-0.03673469387755102,0.00036651395251978343,0.000383173677634319,0.0007496876301541025,1.665972511453556e-05
P31057,10824.268078092795,262,41.3140002980641,0.0,0.3135593220338983,0.2288135593220339,0.003816793893129774,0.00040790163743371596,0.0003350620593205524,0.0007429636967542683,-7.283957811316357e-05
P0A725,13604.48275767893,300,45.34827585892977,0.2708333333333333,0.16470588235294117,0.25882352941176473,-0.009999999999999995,0.00042222222222222227,0.0004111111111111111,0.0008333333333333335,-1.1111111111111152e-05
P0A8I8,8570.485392257056,149,57.52003618964467,0.0,0.0,0.0,0.0,0.0,0.01,0.01,0.01
P24215,16192.472956072465,395,40.993602420436616,0.1346153846153846,0.31843575418994413,0.20670391061452514,-0.015189873417721524,0.0003845537574106714,0.0003653260695401378,0.0007498798269508092,-1.922768787053356e-05
P0A9H3,31862.830624452265,710,44.877226231622906,0.16666666666666666,0.30625,0.325,0.01912568306010929,0.00028367523664486847,0.000321000925677088,0.0006046761623219565,3.732568903221952e-05
P0A8I3,12985.735894761716,255,50.92445448926163,0.0,0.0,0.0,0.0,0.0,0.0,0.0,0.0
P0AE01,8647.495578961018,169,51.16861289326046,0.0,0.0,0.0,0.0,0.0,0.0,0.0,0.0
P40191,13485.385652881036,271,49.76157067483777,0.2857142857142857,0.42105263157894735,0.2894736842105263,-0.015384615384615385,0.0005917159763313611,0.0005325443786982249,0.001124260355029586,-5.917159763313613e-05
P69503,9000.036097625883,182,49.450747789153205,0.29508196721311475,0.3880597014925373,0.208955223880597,0.021978021978021976,0.0006641709938413235,0.0005736022219538703,0.0012377732157951937,-9.056877188745322e-05
P00816,11272.570515050602,152,74.1616481253329,0.0,0.25,0.3333333333333333,0.013333333333333332,0.0016,0.0008888888888888889,0.002488888888888889,-0.0007111111111111111
P0A8U6,7452.619710991661,104,71.65980491338135,0.16666666666666666,0.4186046511627907,0.3488372093023256,0.009615384615384609,0.0015717455621301777,0.0013868343195266271,0.002958579881656805,-0.0001849112426035506
P36929,18601.31724190787,425,43.767805275077336,0.20689655172413793,0.32407407407407407,0.19444444444444445,-0.016509433962264154,0.000266998932004272,0.00030593627625489497,0.000572935208259167,3.893734425062297e-05
P45545,15624.282552003864,356,43.88843413484231,0.0,0.5,0.375,-0.027522935779816515,0.0005050079959599361,0.0007575119939399041,0.0012625199898998402,0.00025250399797996804
P0A9P0,22943.737876082858,471,48.712819269814986,0.2903225806451613,0.3048780487804878,0.21951219512195122,0.04670912951167728,0.0002794794469913136,0.0002794794469913136,0.0005589588939826272,0.0
P60472,12265.106593633025,223,55.00047799835437,0.21428571428571427,0.33035714285714285,0.32142857142857145,-0.04484304932735426,0.0004826157775141266,0.0006032697218926582,0.0010858854994067848,0.00012065394437853162
P39325,12550.746934380304,296,42.40117207560913,0.2459016393442623,0.3435114503816794,0.183206106870229,0.08783783783783784,0.0004565376186997809,0.0004337107377647918,0.0008902483564645727,-2.282688093498906e-05
P76143,13723.752821537319,276,49.72374210701927,0.3076923076923077,0.38596491228070173,0.3157894736842105,-0.011976047904191621,0.00046613360106135035,0.0005737028936139696,0.00103983649467532,0.0001075692925526193
P19636,13282.97446240591,252,52.71021612065837,0.21951219512195122,0.29357798165137616,0.3394495412844037,-0.031746031746031744,0.00045666414714033764,0.0005039052658100277,0.0009605694129503653,4.724111866969002e-05
P63228,8653.456984936636,182,47.5464669502013,0.2,0.3108108108108108,0.3108108108108108,0.005494505494505496,0.0008151189469870789,0.0006037918125830214,0.0014189107595701002,-0.00021132713440405752
P00935,16624.846896136754,383,43.40691095597064,0.3333333333333333,0.417910447761194,0.208955223880597,-0.0358974358974359,0.00047337278106508875,0.0005785667324128863,0.001051939513477975,0.00010519395134779753
P30177,13627.311971905301,310,43.959070877113874,0.15,0.3153153153153153,0.2072072072072072,-0.01556420233463035,0.0003936471407591334,0.000560190161849536,0.0009538373026086694,0.00016654302109040254
P63746,6573.876835036869,109,60.3107966517144,0.48484848484848486,0.39473684210526316,0.21052631578947367,0.027522935779816515,0.0008416799932665601,0.0006733439946132481,0.001515023987879808,-0.000168335998653312
P17109,23044.543280155034,554,41.59664852013544,0.2,0.4084507042253521,0.19718309859154928,-0.04,0.00032653061224489796,0.0006857142857142858,0.0010122448979591838,0.00035918367346938785
Q8X6R9,12326.376399472563,246,50.10722113606733,0.1,0.4074074074074074,0.4444444444444444,0.0,0.0012,0.002,0.0032,0.0008000000000000001
P0AF24,11434.910098099686,250,45.73964039239875,0.24,0.23157894736842105,0.25263157894736843,0.0,0.000416,0.00036799999999999995,0.000784,-4.800000000000003e-05
P0A731,7862.730333663773,148,53.12655630853901,0.12121212121212122,0.2753623188405797,0.3333333333333333,-0.013513513513513514,0.000547845142439737,0.0006391526661796933,0.0011869978086194303,9.130752373995624e-05
P0A836,17964.778025293224,388,46.300974291992844,0.23958333333333334,0.25165562913907286,0.2980132450331126,0.01804123711340206,0.00031220108406844515,0.00028563077904134336,0.0005978318631097886,-2.6570305027101787e-05
P0A6I6,8374.044203037676,157,53.33786116584507,0.3448275862068966,0.3188405797101449,0.2753623188405797,-0.01273885350318471,0.0005679743600146051,0.0008113919428780073,0.0013793663028926124,0.0002434175828634022
P0A8I1,6929.0266267106845,120,57.74188855592237,0.275,0.34615384615384615,0.3076923076923077,-0.030000000000000006,0.001,0.0012000000000000001,0.0022,0.0002000000000000001
P39332,7333.152255928957,130,56.408863507145824,0.4444444444444444,0.35294117647058826,0.2647058823529412,-0.038461538461538464,0.0010059171597633137,0.0005917159763313611,0.0015976331360946748,-0.0004142011834319527
P64488,6601.832272506167,105,62.874593071487304,0.0,0.25,0.75,-0.04545454545454545,0.0,0.0025826446280991736,0.0025826446280991736,0.0025826446280991736
P10408,33872.2450740507,691,49.01916797981288,0.06666666666666667,0.3492063492063492,0.20634920634920634,-0.04090909090909091,0.0006818181818181819,0.0005991735537190083,0.0012809917355371902,-8.264462809917357e-05
P09030,12590.614187171064,268,46.97990368347412,0.21518987341772153,0.29545454545454547,0.3181818181818182,-0.029850746268656712,0.0005290710625974604,0.0005429939852973936,0.001072065047894854,1.3922922699933149e-05
P25740,16346.478023711465,370,44.17967033435531,0.2033898305084746,0.2727272727272727,0.23295454545454544,-0.008108108108108109,0.00029218407596785974,0.00038714390065741416,0.0006793279766252739,9.495982468955442e-05
P09099,19144.045592977167,476,40.21858317852346,0.3333333333333333,0.26851851851851855,0.26851851851851855,-0.008982035928143714,0.00031374376994513966,0.00025995912366883,0.0005737028936139698,-5.3784646276309675e-05
P0A786,12243.938004864176,288,42.51367362800061,0.5,0.2903225806451613,0.5806451612903226,0.013157894736842105,0.0008656509695290858,0.0015581717451523544,0.0024238227146814403,0.0006925207756232686
P25535,15749.87717825127,354,44.49117846963636,0.625,0.2,0.6,0.0,0.0,0.0008163265306122448,0.0008163265306122448,0.0008163265306122448
P0A6E4,22861.003638801234,444,51.488746934237014,0.32142857142857145,0.3005464480874317,0.23497267759562843,-0.018018018018018014,0.0002992857722587453,0.0002688499310120932,0.0005681357032708385,-3.043584124665208e-05
Q46925,17065.408919739708,399,42.77044842040027,0.16666666666666666,0.29069767441860467,0.22674418604651161,-0.020050125313283207,0.00024497333559462566,0.0002324106004359269,0.00047738393603055255,-1.2562735158698761e-05
P77581,17500.332028443936,400,43.75083007110984,0.1891891891891892,0.27710843373493976,0.2469879518072289,-0.0175,0.00025,0.00026875,0.00051875,1.8749999999999995e-05
P0AC51,9474.930553499704,149,63.59013794295103,0.34782608695652173,0.23880597014925373,0.40298507462686567,-0.020134228187919465,0.0008558173055267781,0.0007206882572857079,0.0015765055628124858,-0.0001351290482410702
P0A6I0,10887.32534201304,223,48.82208673548448,0.23529411764705882,0.3577981651376147,0.1651376146788991,-0.05381165919282511,0.0006032697218926582,0.0005831607311629029,0.001186430453055561,-2.0108990729755306e-05
P0A6L4,12448.75118649311,295,42.19915656438342,0.05128205128205128,0.3081761006289308,0.2138364779874214,0.013559322033898306,0.00035621947716173516,0.00034472852628555017,0.0007009480034472853,-1.1490950876184988e-05
P06721,16242.35708118499,390,41.64706943893587,0.2,0.3625,0.2875,0.01463414634146341,0.0004045211183819155,0.0004521118381915526,0.0008566329565734681,4.7590719809637104e-05
P69924,14838.942134958108,339,43.77269066359324,0.2857142857142857,0.2575107296137339,0.1459227467811159,-0.0029498525073746312,0.00040897660131742676,0.00033066193298004717,0.0007396385342974739,-7.831466833737959e-05
P31663,13962.221678768039,282,49.51142439279447,0.2033898305084746,0.288,0.272,-0.014184397163120574,0.0004904179870227855,0.0004904179870227856,0.0009808359740455712,1.0842021724855044e-19
P0A6F1,15294.503308338699,378,40.46164896385899,0.2328767123287671,0.3142857142857143,0.2571428571428571,-0.007490636704119848,0.00044887710586485993,0.0003647126485151987,0.0008135897543800586,-8.416445734966125e-05
P42907,15220.85954142089,361,42.1630458211105,0.875,0.40350877192982454,0.5263157894736842,-0.043478260869565216,0.0007088846880907373,0.0008270321361058601,0.0015359168241965975,0.00011814744801512281
P00811,14629.499885557278,358,40.8645248199924,0.24705882352941178,0.2446043165467626,0.14388489208633093,0.027932960893854747,0.00021066758216035705,0.00026528510346119033,0.00047595268562154736,5.461752130083328e-05
P0AEN8,7405.442875481861,138,53.662629532477254,0.0,0.2903225806451613,0.3225806451612903,-0.02105263157894737,0.001329639889196676,0.000664819944598338,0.001994459833795014,-0.000664819944598338
P0A6D3,15260.086071721162,427,35.73790649115026,0.3925233644859813,0.14285714285714285,0.07142857142857142,-0.009367681498829043,0.0002522911879075737,0.00023583741478316672,0.00048812860269074036,-1.6453773124406983e-05
P52007,9681.582650046284,180,53.786570278034915,0.0,0.0,0.0,0.0,0.0,0.0,0.0,0.0
P0A946,9588.63603133909,156,61.46561558550699,0.3728813559322034,0.3829787234042553,0.3404255319148936,-0.038461538461538464,0.0007396449704142013,0.0004930966469428007,0.001232741617357002,-0.00024654832347140057
P0AB80,13394.28823938309,304,44.06015868218122,0.18823529411764706,0.32222222222222224,0.16666666666666666,-0.023026315789473686,0.00038954293628808866,0.00036790166204986145,0.0007574445983379502,-2.164127423822721e-05
P28248,10813.143990051207,193,56.026652798192785,0.296875,0.2702702702702703,0.4594594594594595,-0.06735751295336787,0.0006711589572874439,0.0006443125989959461,0.00131547155628339,-2.6846358291497782e-05
P08337,7191.161112841071,125,57.529288902728574,0.0,0.0,0.0,-0.041666666666666664,0.001736111111111111,0.005208333333333333,0.006944444444444444,0.003472222222222222
P04995,22183.51178238996,460,48.22502561389122,0.29411764705882354,0.38333333333333336,0.26666666666666666,-0.041176470588235294,0.0007958477508650519,0.000588235294117647,0.001384083044982699,-0.0002076124567474049
P77324,14280.864321002065,316,45.19260861076603,0.28125,0.30612244897959184,0.20408163265306123,-0.03164556962025316,0.0002703893606793783,0.00040057683063611597,0.0006709661913154942,0.00013018746995673767
P33224,22336.234725389953,538,41.5171649170817,0.2972972972972973,0.23026315789473684,0.14144736842105263,-0.05947955390334572,0.00018656458589571732,0.00023838808197786102,0.0004249526678735783,5.18234960821437e-05
P0A9X9,7413.413857889286,85,87.2166336222269,0.47058823529411764,0.3333333333333333,0.6666666666666666,0.047058823529411764,0.001245674740484429,0.0009688581314878893,0.002214532871972318,-0.00027681660899653965
P60546,12179.866368864397,200,60.899331844321985,0.3333333333333333,0.375,0.625,0.016129032258064516,0.0010405827263267429,0.0015608740894901142,0.0026014568158168575,0.0005202913631633713
P06709,13481.811312967171,292,46.17058668824374,0.4,0.45652173913043476,0.32608695652173914,0.02608695652173913,0.000831758034026465,0.0006049149338374291,0.001436672967863894,-0.0002268431001890359
P0AEK7,13624.216481148498,216,63.075076301613414,0.3333333333333333,0.3597560975609756,0.29878048780487804,0.032407407407407406,0.0002357681755829904,0.0007287379972565158,0.0009645061728395061,0.0004929698216735254
P05050,9505.139788203356,203,46.82334871036136,0.15714285714285714,0.2,0.3333333333333333,-0.02463054187192118,0.00033973161202649905,0.0006066635929044626,0.0009463952049309616,0.0002669319808779636
P0A870,13331.85193399107,316,42.18940485440212,0.025,0.29775280898876405,0.16853932584269662,0.01898734177215189,0.00044063451369972764,0.0003705335683384073,0.000811168082038135,-7.010094536132034e-05
P04425,13669.372417663251,314,43.5330331772715,0.30434782608695654,0.26605504587155965,0.28440366972477066,-0.0031847133757961776,0.00045640796786887905,0.00038541117286705346,0.0008418191407359324,-7.099679500182558e-05
P76584,12165.276139093623,287,42.387721739002174,0.0,0.0,0.0,0.0,0.0,0.0,0.0,0.0
P32719,9849.58700063399,219,44.97528310791776,0.047619047619047616,0.31868131868131866,0.24175824175824176,0.0228310502283105,0.0006255082254331644,0.0005421071287087426,0.0011676153541419069,-8.340109672442186e-05
P65556,8407.79433205547,157,53.5528301404807,0.45454545454545453,0.0,0.0,0.0,0.008264462809917356,0.0,0.008264462809917356,-0.008264462809917356
P0AFB1,12607.377470687186,256,49.24756824487182,0.0,0.09090909090909091,0.9090909090909091,0.0,0.0022675736961451248,0.0,0.0022675736961451248,-0.0022675736961451248
P0AB71,14889.290798014714,333,44.71258497902316,0.22727272727272727,0.35789473684210527,0.28421052631578947,0.07386363636363637,0.0005810950413223141,0.0006456611570247934,0.0012267561983471077,6.456611570247934e-05
P0A805,11407.516833923948,185,61.66225315634566,0.41379310344827586,0.2857142857142857,0.3392857142857143,-0.005405405405405406,0.0009057706355003653,0.0009057706355003653,0.0018115412710007308,0.0
P0AC81,8057.4488404767235,128,62.9488190662244,0.45098039215686275,0.2857142857142857,0.19047619047619047,0.007936507936507936,0.0011337868480725624,0.0007558578987150416,0.001889644746787604,-0.0003779289493575208
P77806,16690.285324053853,382,43.691846398046735,0.13793103448275862,0.36024844720496896,0.18633540372670807,-0.02356020942408377,0.00025355664592527615,0.00027411529289219044,0.0005276719388174666,2.055864696691429e-05
P06616,15435.273343167066,292,52.86052514783242,0.22535211267605634,0.36792452830188677,0.25471698113207547,0.00684931506849315,0.0004339463313942578,0.0005277725652092324,0.0009617188966034903,9.382623381497463e-05
P0A7E3,10823.134316975671,213,50.81283716889986,0.1875,0.3333333333333333,0.21875,0.0,0.0006171614979391214,0.0005510370517313584,0.00116819854967048,-6.612444620776299e-05
P0A749,15333.159242828799,418,36.68219914552344,0.37168141592920356,0.17482517482517482,0.055944055944055944,-0.011961722488038277,0.00028044229756644766,0.0002918889219569149,0.0005723312195233625,1.1446624390467253e-05
P0ACH5,6813.46125488553,116,58.736734955909746,0.0,0.3424657534246575,0.2465753424657534,0.00862068965517241,0.0009661117717003568,0.0014120095124851367,0.0023781212841854932,0.0004458977407847799
P0A884,13234.400078703287,263,50.32091284678056,0.35294117647058826,0.25,0.18181818181818182,-0.0038022813688212975,0.0004626349954459368,0.00047709233905362234,0.0009397273344995591,1.4457343607685545e-05
P23256,15043.134756076573,361,41.670733396334,0.18333333333333332,0.2619047619047619,0.25,-0.002770083102493076,0.00029926105539398865,0.0002762409742098357,0.0005755020296038244,-2.302008118415294e-05
P22259,19891.79080764062,537,37.04244098257099,0.1984126984126984,0.26506024096385544,0.19879518072289157,0.022346368715083796,0.00022887342259396814,0.0002150023060731216,0.0004438757286670897,-1.3871116520846536e-05
P36683,32604.798619173962,862,37.82459236563105,0.2,0.21508379888268156,0.15363128491620112,0.01160092807424594,0.00014803968540221037,0.0001345815321838276,0.000282621217586038,-1.345815321838277e-05
P07813,37658.5535561989,813,46.320484078965436,0.2,0.3717948717948718,0.4230769230769231,0.032051282051282055,0.0007396449704142011,0.0008629191321499013,0.0016025641025641025,0.00012327416173570028
P45748,9199.26669395907,184,49.996014641081906,0.375,0.3333333333333333,0.6666666666666666,0.0,0.003569303985722784,0.000594883997620464,0.004164187983343248,-0.00297441998810232
P77454,12415.521813972973,309,40.17968224586723,0.175,0.21794871794871795,0.20512820512820512,0.0,0.00028277877274012625,0.00020946575758527876,0.0004922445303254051,-7.331301515484749e-05
P68919,5951.020627722308,94,63.30873008215221,0.34146341463414637,0.3,0.4,0.05319148936170213,0.0011317338162064282,0.0019239474875509279,0.0030556813037573563,0.0007922136713444997
P0A9B6,14812.185533285163,324,45.71662201631223,0.46153846153846156,0.26666666666666666,0.6,0.0,0.0013850415512465374,0.0034626038781163434,0.004847645429362881,0.002077562326869806
P00894,9508.501633156391,163,58.33436584758522,0.3939393939393939,0.2653061224489796,0.3469387755102041,-0.03680981595092024,0.0007151191237908841,0.0007903948210320297,0.001505513944822914,7.527569724114565e-05
Q46865,6213.817598306281,97,64.05997524027094,0.3,0.2,0.4,0.0,0.0009565309809756615,0.001275374641300882,0.002231905622276544,0.0003188436603252206
P32099,15753.286390881698,337,46.745656946236494,0.21875,0.2807017543859649,0.21929824561403508,-0.03560830860534125,0.00037862444857311413,0.00037862444857311413,0.0007572488971462283,0.0
P0CE47,18240.45325806841,392,46.531768515480636,0.2653061224489796,0.32653061224489793,0.22448979591836735,0.0,0.00038395460224906295,0.00035141607663473557,0.0007353706788837985,-3.253852561432738e-05
P0A998,8773.192059789162,161,54.491876147758774,0.0,0.34375,0.1953125,0.03105590062111801,0.0009258902048532078,0.0006172601365688052,0.001543150341422013,-0.0003086300682844026
P12295,10445.11073066934,222,47.050048336348375,0.08,0.23809523809523808,0.2619047619047619,-0.004504504504504507,0.00032464897329762194,0.0005884262641019398,0.0009130752373995618,0.0002637772908043179
P24224,7074.742831486119,125,56.59794265188895,0.3783783783783784,0.2857142857142857,0.19642857142857142,-0.032,0.0008319999999999998,0.001216,0.002048,0.0003840000000000002
P0AG18,9509.584328733481,158,60.18724258692077,0.0,0.0,0.0,0.0,0.0,0.0,0.0,0.0
P0A9H1,8555.040014730403,165,51.84872736200244,0.06896551724137931,0.3787878787878788,0.25757575757575757,0.0,0.0005142332415059688,0.0006611570247933885,0.0011753902662993572,0.0001469237832874197
Q46877,16453.92238964489,399,41.23790072592704,0.18,0.2980132450331126,0.2251655629139073,-0.017543859649122806,0.00033291248170551693,0.00032034974654681817,0.0006532622282523352,-1.2562735158698761e-05
Q46897,11163.660436158612,193,57.84280018735032,0.0,0.5,0.5,-0.034482758620689655,0.0,0.0023781212841854932,0.0023781212841854932,0.0023781212841854932
P0A8D6,8401.176647537715,171,49.12968799729658,0.0,0.0,1.0,0.0,0.0014792899408284025,0.0,0.0014792899408284025,-0.0014792899408284025
P76502,7133.73203797989,156,45.72905152551212,0.24242424242424243,0.3114754098360656,0.2459016393442623,-0.01282051282051282,0.0006985535831689677,0.0002876397107166338,0.0009861932938856014,-0.00041091387245233396
P0A763,7553.171051012417,142,53.191345429664906,0.21428571428571427,0.27586206896551724,0.29310344827586204,-0.028169014084507043,0.0007934933544931561,0.0007439000198373338,0.00153739337433049,-4.959333465582227e-05
P0AG74,6549.9735683565805,118,55.508250579293055,0.358974358974359,0.17142857142857143,0.37142857142857144,-0.05932203389830509,0.000790002872737719,0.0013645504165469694,0.0021545532892846882,0.0005745475438092504
P0AB74,11955.772189903111,273,43.794037325652425,0.25,0.25,0.4411764705882353,0.0,0.0007351396765385423,0.0007876496534341526,0.0015227893299726949,5.250997689561026e-05
P23874,18545.40614906664,431,43.02878456860009,0.4,0.3548387096774194,0.2903225806451613,-0.037383177570093455,0.0008734387282732115,0.0011354703467551749,0.0020089090750283864,0.00026203161848196337
D3QT67,6208.710934497755,97,64.00732922162635,0.4117647058823529,0.23684210526315788,0.4473684210526316,0.02061855670103093,0.0014879370815176957,0.0014879370815176957,0.0029758741630353915,0.0
P30125,16000.035474299211,363,44.07723271156807,0.2,0.26011560693641617,0.19653179190751446,-0.024793388429752067,0.0003490957660754806,0.00030356153571780924,0.0006526573017932897,-4.5534230357671375e-05
P0A9S1,15382.331592138982,373,41.239494885091105,0.0,0.0,0.0,0.0,0.0,0.0,0.0,0.0
P0AFW0,8626.689907982996,141,61.18219792895742,0.38235294117647056,0.2916666666666667,0.4583333333333333,-0.030303030303030304,0.0005101520253035404,0.001224364860728497,0.0017345168860320376,0.0007142128354249566
P0ACC7,21388.722453018996,449,47.63635290204676,0.27450980392156865,0.2857142857142857,0.18681318681318682,-0.004464285714285712,0.00026407047193877553,0.00027403539540816324,0.0005381058673469388,9.964923469387712e-06
P78055,10940.612580202482,220,49.730057182738555,0.07894736842105263,0.3162393162393162,0.3333333333333333,0.022727272727272728,0.0003512396694214876,0.0003512396694214876,0.0007024793388429753,0.0
P0AFR4,10075.156018042602,199,50.62892471378192,0.4,0.5833333333333334,0.3333333333333333,0.020833333333333332,0.0013020833333333333,0.0013020833333333333,0.002604166666666667,0.0
P0A7A9,8398.38800271948,168,49.990404778092135,0.375,0.6666666666666666,0.3333333333333333,0.010309278350515465,0.0011690934211924752,0.0005314061005420342,0.0017004995217345094,-0.0006376873206504409
P41407,9850.928930937453,197,50.004715385469304,0.16666666666666666,0.23076923076923078,0.6923076923076923,0.0,0.0017236426314277509,0.0011490950876185005,0.002872737719046251,-0.0005745475438092504
P39371,14605.190643056558,339,43.08315823910489,0.38636363636363635,0.3333333333333333,0.0,0.07920792079207921,0.0006862072345848446,0.0007842368395255368,0.0014704440741103815,9.802960494069218e-05
P32156,7012.085657657032,104,67.42390055439454,0.5333333333333333,0.29411764705882354,0.4411764705882353,-0.019230769230769232,0.001201923076923077,0.0010170118343195266,0.002218934911242604,-0.00018491124260355037
P17443,15466.361735212638,351,44.063708647329456,0.21818181818181817,0.31097560975609756,0.1951219512195122,-0.017094017094017096,0.00020292043084065876,0.00033278950657868037,0.0005357099374193391,0.0001298690757380216
P0A715,12528.394586390368,266,47.09922776838484,0.15555555555555556,0.35443037974683544,0.2911392405063291,0.048780487804878044,0.00047590719809637125,0.0005472932778108269,0.0010232004759071981,7.138607971445563e-05
P0A9Q9,16725.000412892296,356,46.980338238461506,0.2903225806451613,0.4421052631578947,0.35789473684210527,-0.025974025974025972,0.0004685069620134556,0.00029984445568861153,0.0007683514177020671,-0.00016866250632484406
P77731,8918.738956465348,152,58.67591418727202,0.0,0.5,0.5,0.0,0.0023781212841854932,0.0,0.0023781212841854932,-0.0023781212841854932
P37128,10773.291066285828,175,61.56166323591902,0.4857142857142857,0.4117647058823529,0.4117647058823529,0.007407407407407411,0.0010425240054869685,0.0009327846364883402,0.0019753086419753087,-0.00010973936899862828
P0A823,11481.854464145184,232,49.4907520006258,0.4857142857142857,0.5,0.4375,0.0,0.0006805293005671077,0.000831758034026465,0.0015122873345935726,0.00015122873345935726
P78067,18229.235602000885,411,44.353371294406045,0.2,0.28448275862068967,0.3017241379310345,0.030470914127423823,0.0003222811365781417,0.0003529745781570123,0.000675255714735154,3.069344157887062e-05
P31658,12485.48319932219,272,45.90251176221393,0.42105263157894735,0.5,0.4,0.03125,0.001193576388888889,0.0008680555555555555,0.0020616319444444445,-0.0003255208333333335
P32718,13595.343526502293,270,50.353124172230714,0.0,0.0,0.0,0.0,0.0,0.0,0.0,0.0
P0AGJ7,8178.030844479704,155,52.7614893192239,0.21428571428571427,0.2641509433962264,0.2641509433962264,-0.05806451612903226,0.0006243496357960458,0.0007075962539021853,0.001331945889698231,8.324661810613955e-05
P0A7I7,9246.217636086341,170,54.38951550639025,0.3181818181818182,0.3275862068965517,0.2413793103448276,-0.023529411764705882,0.0007612456747404844,0.000657439446366782,0.0014186851211072664,-0.00010380622837370245
P36767,17948.564541656055,289,62.105759659709534,0.0,0.0,0.0,0.0,0.0,0.0,0.0,0.0
P16685,9582.094978478759,144,66.54232623943582,0.45,0.3380281690140845,0.36619718309859156,-0.09027777777777778,0.0006751543209876543,0.0008198302469135802,0.0014949845679012345,0.00014467592592592592
P27245,9856.369169820518,138,71.42296499869941,0.45454545454545453,0.3488372093023256,0.38372093023255816,0.028985507246376815,0.0006826296996429323,0.000945179584120983,0.0016278092837639152,0.00026254988447805075
P06988,21438.45436911029,427,50.20715308925127,0.0,0.2,0.7,0.0,0.0,0.0,0.0,0.0
P0ADR6,17043.83331625527,355,48.010798073958505,0.3333333333333333,0.35185185185185186,0.3148148148148148,-0.006410256410256401,0.0008218277449046679,0.0008218277449046679,0.0016436554898093358,0.0
P0A959,17390.795178526474,404,43.04652271912494,0.14285714285714285,0.2988505747126437,0.22413793103448276,0.0024752475247524705,0.00029408881482207626,0.00030634251543966277,0.0006004313302617391,1.2253700617586509e-05
P06149,20420.568148854654,502,40.67842260728019,0.2222222222222222,0.29292929292929293,0.35353535353535354,-0.022508038585209,0.00043423868653136343,0.00043423868653136343,0.0008684773730627269,0.0
P0A7A5,9453.506472737892,207,45.66911339486904,0.32142857142857145,0.2602739726027397,0.2054794520547945,-0.05314009661835749,0.0005134308852015215,0.0005834441877290019,0.0010968750729305234,7.001330252748034e-05
P0A955,9543.270090363554,213,44.804084931284294,0.05555555555555555,0.32978723404255317,0.2765957446808511,0.028169014084507043,0.00044082964138508676,0.00039674667724657806,0.0008375763186316647,-4.40829641385087e-05
P76204,11739.541725035364,236,49.74382086879392,0.1509433962264151,0.34951456310679613,0.2912621359223301,-0.008474576271186439,0.0003770468256248205,0.0003770468256248205,0.000754093651249641,0.0
P24232,18373.26182425869,396,46.39712581883508,0.2631578947368421,0.30337078651685395,0.24719101123595505,0.015151515151515152,0.00029971431486583,0.00029333741454953577,0.0005930517294153657,-6.376900316294222e-06
P61949,8086.330503985774,175,46.20760287991871,0.2894736842105263,0.328125,0.234375,0.02857142857142857,0.001142857142857143,0.0004897959183673469,0.0016326530612244896,-0.000653061224489796
P0ACX9,3890.5897376030202,40,97.2647434400755,0.5882352941176471,0.4,0.4,0.024999999999999994,0.00125,0.003125,0.004375,0.0018750000000000001
P76049,12341.518929152813,306,40.33176120638174,0.23728813559322035,0.28,0.192,-0.0032679738562091526,0.00035242855312059464,0.0002883506343713956,0.0006407791874919902,-6.407791874919901e-05
P37747,18083.51622153534,367,49.273886162221636,0.24358974358974358,0.328125,0.1796875,0.057220708446866476,0.00036380105279569975,0.0004231971430480589,0.0007869981958437587,5.939609025235916e-05
P16686,8008.71778280505,167,47.95639390901228,0.0,0.2,0.8,-0.07692307692307693,0.0,0.00591715976331361,0.00591715976331361,0.00591715976331361
P76329,12047.819030087963,232,51.930254440034325,0.23404255319148937,0.3655913978494624,0.23655913978494625,-0.012931034482758622,0.0005016349583828775,0.0003530023781212842,0.0008546373365041618,-0.00014863258026159333
P0ABS1,9967.873234323672,145,68.74395334016326,0.5,0.375,0.3541666666666667,-0.034482758620689655,0.001379310344827586,0.0011414982164090369,0.0025208085612366225,-0.00023781212841854924
P0A729,9586.310989600057,192,49.92870307083363,0.2692307692307692,0.3181818181818182,0.21212121212121213,-0.031249999999999993,0.0006510416666666667,0.0006781684027777778,0.0013292100694444445,2.7126736111111015e-05
P33012,9173.210723945971,155,59.182004670619165,0.27419354838709675,0.2222222222222222,0.4166666666666667,0.04516129032258065,0.0009157127991675337,0.00045785639958376693,0.0013735691987513008,-0.0004578563995837668
P0AA37,11528.48705427856,209,55.1602251400888,0.0,0.0,0.0,0.0,0.005,0.0,0.005,-0.005
P38051,18269.859296180002,429,42.58708460648019,0.2185430463576159,0.29850746268656714,0.22388059701492538,-0.046620046620046623,0.0002553778777555001,0.00030428002455974484,0.000559657902315245,4.890214680424473e-05
P37634,13036.914896262246,279,46.727293534990125,0.18181818181818182,0.24509803921568626,0.20588235294117646,-0.01433691756272401,0.00038540100975064555,0.0005395614136509037,0.0009249624234015493,0.00015416040390025816
P0A962,14962.991111323516,330,45.342397307040955,0.3037974683544304,0.32098765432098764,0.20987654320987653,-0.01792114695340502,0.0003340142084505595,0.00035970760910060255,0.0006937218175511621,2.5693400650043062e-05
P00934,15734.77576182899,428,36.76349477062848,0.12,0.26288659793814434,0.13917525773195877,0.011682242990654207,0.00027840859463708616,0.00025111363437854836,0.0005295222290156345,-2.7294960258537806e-05
P22256,18400.477367516512,425,43.295240864744734,0.21518987341772153,0.2824858757062147,0.23728813559322035,0.0023529411764705854,0.0002657439446366782,0.00027681660899653976,0.000542560553633218,1.107266435986155e-05
P37146,12633.327734430339,284,44.483548360670206,0.0,0.25892857142857145,0.16964285714285715,0.0176056338028169,0.00043394167823844476,0.00032235667526284465,0.0007562983535012895,-0.00011158500297560011
P0A722,11808.183600148584,262,45.06940305400223,0.358974358974359,0.35555555555555557,0.24444444444444444,-0.019083969465648852,0.00036419789056581784,0.0004953091311695123,0.0008595070217353301,0.00013111124060369446
P0AC13,12760.351572829783,282,45.24947366251696,0.09523809523809523,0.33587786259541985,0.2366412213740458,0.0,0.0004149690659423571,0.00042754388612242843,0.0008425129520647855,1.2574820180071325e-05
P52045,13189.510350494204,256,51.52152480661798,0.4117647058823529,0.4375,0.3125,0.0,0.000991866693116445,0.0013886133703630231,0.002380480063479468,0.00039674667724657817
P23869,7300.080785795981,163,44.785771691999884,0.31666666666666665,0.36,0.16,0.03680981595092024,0.0006774812751703112,0.0006774812751703113,0.0013549625503406224,1.0842021724855044e-19
P61517,12179.288728188205,214,56.91256415041217,0.26666666666666666,0.32432432432432434,0.27927927927927926,-0.014018691588785048,0.0005458992051707572,0.0006114071097912482,0.0011573063149620054,6.550790462049095e-05
P0AES2,16611.887388794814,429,38.722348225628934,0.4722222222222222,0.42857142857142855,0.39285714285714285,0.022727272727272728,0.0007747933884297521,0.0010330578512396695,0.0018078512396694215,0.00025826446280991736
P28905,7697.411768240669,147,52.36334536218142,0.2777777777777778,0.3469387755102041,0.24489795918367346,-0.04081632653061224,0.0008792632699338239,0.0008329862557267804,0.0017122495256606043,-4.627701420704348e-05
P07013,6830.471813394361,97,70.41723518963258,0.375,0.0,0.0,-0.08333333333333333,0.0008680555555555555,0.0026041666666666665,0.003472222222222222,0.001736111111111111
P0AB87,10081.6418931064,206,48.94000918983689,0.05714285714285714,0.3076923076923077,0.23076923076923078,-0.004854368932038833,0.0004712979545668772,0.0005891224432085964,0.0010604203977754737,0.00011782448864171925
P12758,11529.621238023272,250,46.118484952093084,0.2535211267605634,0.25882352941176473,0.23529411764705882,-0.016,0.00041600000000000003,0.00041600000000000003,0.000832,0.0
P0AA04,4848.392614041959,85,57.03991310637599,0.30434782608695654,0.27586206896551724,0.3103448275862069,0.07058823529411765,0.001107266435986159,0.0009688581314878893,0.002076124567474048,-0.00013840830449826972
P0A901,8650.737137108035,168,51.4924829589764,0.3157894736842105,0.34782608695652173,0.391304347826087,-0.023809523809523808,0.0006023242630385487,0.0007794784580498865,0.0013818027210884354,0.0001771541950113378
P64559,5784.088091488116,89,64.98975383694513,0.0,0.2833333333333333,0.3,-0.07865168539325842,0.0018937002903673778,0.001767453604342886,0.0036611538947102637,-0.00012624668602449177
P65870,7060.449429536227,117,60.345721619967755,0.4523809523809524,0.3055555555555556,0.3333333333333333,0.01709401709401709,0.000949667616334283,0.0012418730367448317,0.0021915406530791147,0.00029220542041054863
P0ABD3,8875.552680246281,157,56.532182676727906,0.0,0.30327868852459017,0.2459016393442623,0.0,0.001217087914317011,0.0008113919428780073,0.0020284798571950182,-0.00040569597143900364
P16456,14162.718110857868,319,44.39723545723469,0.2948717948717949,0.30973451327433627,0.17699115044247787,0.0,0.00035377010839123045,0.00029480842365935865,0.000648578532050589,-5.8961684731871796e-05
P0ACY1,10500.30091948819,177,59.323734008407854,0.25806451612903225,0.28205128205128205,0.3333333333333333,-0.04242424242424242,0.0006611570247933884,0.0006978879706152432,0.0013590449954086316,3.673094582185487e-05
P23843,22111.077443225382,517,42.76804147625799,0.3739130434782609,0.23333333333333334,0.2388888888888889,0.04448742746615088,0.00023569993527604953,0.00024318247290386065,0.00047888240817991015,7.48253762781112e-06
P0A799,16591.05854186472,386,42.982016947836065,0.16666666666666666,0.2611464968152866,0.21656050955414013,0.046632124352331605,0.00035571424736234526,0.00030202153077934975,0.0006577357781416951,-5.369271658299551e-05
P0AEN1,11464.080053595664,226,50.726017936264,0.4,0.0,0.0,-0.03076923076923077,0.0016568047337278107,0.0014201183431952664,0.0030769230769230774,-0.0002366863905325443
P15034,19796.017454486027,439,45.09343383709801,0.23529411764705882,0.35,0.3,-0.06048387096774194,0.0005202913631633715,0.0005528095733610822,0.0010731009365244537,3.2518210197710626e-05
P17993,9814.143745013425,217,45.22646887102961,0.2857142857142857,0.2962962962962963,0.25925925925925924,0.0,0.000717128617017462,0.0006454157553157159,0.001362544372333178,-7.171286170174612e-05
P21165,19741.10944271834,441,44.76442050503025,0.14473684210526316,0.28402366863905326,0.20118343195266272,0.004535147392290252,0.0002725201947748109,0.0002879458661771587,0.0005604660609519696,1.542567140234779e-05
P0AFP6,11342.542040932773,243,46.67712774046409,0.6666666666666666,0.3,0.55,0.039473684210526314,0.0013850415512465372,0.001038781163434903,0.0024238227146814403,-0.0003462603878116341
Q93K97,11875.119036848697,202,58.78771800420147,0.3670886075949367,0.3090909090909091,0.2909090909090909,-0.05445544554455445,0.0007842368395255367,0.0006126850308793255,0.0013969218704048623,-0.00017155180864621112
P0AB83,10709.42083167019,211,50.75554896526156,0.0,0.296875,0.2265625,0.023696682464454978,0.000494148828642663,0.0006738393117854495,0.0011679881404281125,0.00017969048314278656
P66817,9866.899440616307,193,51.12383129853009,0.17391304347826086,0.3119266055045872,0.26605504587155965,-0.04145077720207254,0.0005100808075384573,0.0005100808075384573,0.0010201616150769146,0.0
P0AG82,13354.337398435631,321,41.60229719138826,0.18055555555555555,0.23387096774193547,0.24193548387096775,0.08411214953271028,0.0003202608670335109,0.0003202608670335109,0.0006405217340670219,0.0
P37025,9770.604071762864,169,57.81422527670334,0.6666666666666666,0.3870967741935484,0.5161290322580645,-0.06818181818181818,0.0010330578512396695,0.0012913223140495868,0.0023243801652892563,0.00025826446280991736
P0A6M4,8106.64737754494,145,55.907912948585796,0.4,0.3235294117647059,0.2647058823529412,-0.04827586206896552,0.0008561236623067776,0.0006183115338882283,0.0014744351961950058,-0.00023781212841854935
P76562,29986.749829390665,648,46.27584850214609,0.0,0.0,1.0,0.0,0.0,0.0,0.0,0.0
P0AGC3,29003.616049567056,618,46.93141755593375,0.0,0.2511520737327189,0.1935483870967742,-0.03398058252427185,0.00017804589394748694,0.00019113750379656688,0.00036918339774405376,1.3091609849079941e-05
P64618,5547.260675853195,88,63.03705313469539,0.0,0.2777777777777778,0.4444444444444444,0.0,0.005353955978584177,0.001189767995240928,0.006543723973825104,-0.004164187983343249
Q46893,11740.565089775353,225,52.18028928789046,0.22807017543859648,0.23684210526315788,0.25,-0.048888888888888885,0.0004938271604938272,0.0006123456790123457,0.0011061728395061728,0.00011851851851851856
P0A6R0,13328.306871173792,317,42.04513208572174,0.2125,0.3203125,0.171875,-0.012618296529968456,0.0003383454905512046,0.0002885888007642628,0.0006269342913154674,-4.975668978694184e-05
P52061,10498.426083695867,205,51.211834554613986,0.0,0.0,0.0,0.0,0.0,0.0,0.0,0.0
P52129,17687.051863396155,335,52.797169741481056,0.0,0.2857142857142857,0.7142857142857143,-0.030303030303030304,0.0018365472910927456,0.0027548209366391185,0.004591368227731864,0.0009182736455463729
P25746,10643.454679219281,213,49.96927079445672,0.0,0.2229299363057325,0.2229299363057325,-0.03755868544600939,0.000264497784831052,0.00046287112345434105,0.000727368908285393,0.00019837333862328903
P0ACB2,14949.236393635225,323,46.28246561496974,0.16071428571428573,0.3161764705882353,0.23529411764705882,-0.024767801857585134,0.0004409128813656797,0.000392987568173758,0.0008339004495394377,-4.792531319192171e-05
P77499,12075.211132952632,244,49.48857021701899,0.328125,0.25842696629213485,0.2247191011235955,0.008196721311475405,0.0006046761623219564,0.0004703036818059661,0.0010749798441279225,-0.00013437248051599029
P0A9T6,7377.383790504775,102,72.3272920637723,0.0,0.3150684931506849,0.3972602739726027,-0.03921568627450981,0.0015378700499807767,0.001057285659361784,0.0025951557093425604,-0.0004805843906189927
P0A9R4,5972.001940281403,109,54.78900862643489,0.28,0.23529411764705882,0.29411764705882354,-0.027522935779816515,0.0017675279858597763,0.0008416799932665601,0.0026092079791263365,-0.0009258479925932162
P0C960,9631.247440669442,190,50.690776003523375,0.3333333333333333,0.20833333333333334,0.23333333333333334,0.010526315789473682,0.0004709141274238227,0.0006371191135734072,0.0011080332409972298,0.0001662049861495845
P67910,11952.970689460502,272,43.944745181840084,0.23529411764705882,0.21428571428571427,0.5357142857142857,0.0,0.002023950075898128,0.000674650025299376,0.002698600101197504,-0.001349300050598752
P0AG86,7884.3489865653355,134,58.83842527287564,0.4666666666666667,0.2727272727272727,0.3181818181818182,-0.007462686567164178,0.0007239919803965248,0.00033415014479839606,0.001058142125194921,-0.00038984183559812876
P0ACA1,10911.06568799118,201,54.28390889547851,0.38461538461538464,0.22340425531914893,0.30851063829787234,-0.022988505747126436,0.0007266481701677897,0.0005284713964856652,0.001255119566653455,-0.00019817677368212444
P76458,10712.313957936682,217,49.36550211030729,0.19047619047619047,0.38095238095238093,0.30952380952380953,-0.03968253968253968,0.0005668934240362811,0.0005668934240362811,0.0011337868480725622,0.0
P77781,7438.804978335315,136,54.697095428936144,0.42592592592592593,0.4074074074074074,0.1111111111111111,-0.029411764705882353,0.0007569204152249136,0.0009731833910034603,0.001730103806228374,0.00021626297577854667
P08179,10458.010973702574,209,50.038330017715666,0.1346153846153846,0.32432432432432434,0.21621621621621623,-0.019138755980861243,0.0005265447219614935,0.0005723312195233626,0.001098875941484856,4.578649756186912e-05
P24203,15286.65637652376,317,48.22289077767748,0.18947368421052632,0.2736842105263158,0.2736842105263158,-0.015772870662460567,0.00045776154603986507,0.00033834549055120457,0.0007961070365910697,-0.0001194160554886605
P0A6C1,11999.851185457961,285,42.10474100160688,0.07317073170731707,0.32,0.2,-0.0035087719298245654,0.00045552477685441674,0.000443213296398892,0.0008987380732533087,-1.2311480455524742e-05
P06968,8793.413084875247,136,64.65744915349445,0.3333333333333333,0.14285714285714285,0.5714285714285714,0.0,0.0007028546712802769,0.0005406574394463668,0.0012435121107266436,-0.00016219723183391003
P0AC65,5131.363712746688,76,67.51794358877221,0.29411764705882354,0.25,0.39285714285714285,-0.10526315789473684,0.0012119113573407201,0.0015581717451523547,0.002770083102493075,0.0003462603878116345
P21338,11378.391741832562,245,46.442415272785965,0.175,0.3113207547169811,0.16037735849056603,-0.008163265306122457,0.00043315285297792583,0.0005497709287796751,0.000982923781757601,0.00011661807580174929
P69783,6519.972013348718,150,43.46648008899145,0.27692307692307694,0.2857142857142857,0.42857142857142855,0.06666666666666667,0.0010666666666666667,0.0006666666666666666,0.0017333333333333333,-0.0004000000000000001
P0AG80,17141.497357681626,418,41.0083668844058,0.1323529411764706,0.2692307692307692,0.16826923076923078,0.059808612440191394,0.000274718985371214,0.00028044229756644766,0.0005551612829376617,5.723312195233653e-06
P76116,14765.229639513043,318,46.43153974689636,0.0,0.0,0.0,0.0,0.0,0.0,0.0,0.0
P00370,19058.105442220225,442,43.11788561588286,0.1506849315068493,0.248868778280543,0.20361990950226244,0.0,0.00024057656477140108,0.0002610511660285416,0.0005016277307999426,2.047460125714052e-05
P0A858,11791.49075706554,255,46.24114022378643,0.05555555555555555,0.25396825396825395,0.2698412698412698,0.03137254901960784,0.0004459823144944252,0.0004459823144944252,0.0008919646289888506,0.0
P16688,13455.488550549622,277,48.57577094061236,0.2545454545454545,0.26506024096385544,0.26506024096385544,-0.03610108303249097,0.00048221663256395883,0.0003909864588356423,0.0008732030913996011,-9.123017372831654e-05
P27828,17885.09377564701,366,48.86637643619401,0.0,0.2,0.8,0.07142857142857142,0.0,0.00510204081632653,0.00510204081632653,0.00510204081632653
P0AEI6,8454.317014052482,150,56.362113427016546,0.36363636363636365,0.23529411764705882,0.20588235294117646,-0.013333333333333332,0.0008444444444444444,0.0006666666666666666,0.001511111111111111,-0.00017777777777777779
P0AG16,21371.92922528265,492,43.438880539192375,0.1565217391304348,0.2926829268292683,0.20121951219512196,-0.044715447154471545,0.0002643928878313174,0.0002561306100865887,0.0005205234979179061,-8.262277744728675e-06
P0ACS9,11891.387923013983,207,57.44631846866658,0.0,0.35251798561151076,0.2158273381294964,-0.019323671497584544,0.000653457490256482,0.0006067819552381618,0.0012602394454946438,-4.667553501832016e-05
P0A8U0,9608.35327348312,181,53.08482471537636,0.2765957446808511,0.2833333333333333,0.2833333333333333,0.0055248618784530384,0.0007325783706236073,0.0005494337779677054,0.0012820121485913128,-0.0001831445926559019
P0AFI0,22070.048531474138,547,40.347437900318354,0.13402061855670103,0.27165354330708663,0.19291338582677164,-0.012797074954296161,0.00018047585467014692,0.00017379156375643782,0.00035426741842658474,-6.684290913709103e-06
P68661,4567.668122329856,80,57.095851529123195,0.0,0.6666666666666666,0.3333333333333333,-0.13333333333333333,0.0011111111111111111,0.0044444444444444444,0.005555555555555556,0.003333333333333333
P21889,28512.924304739758,585,48.74004154656369,0.272108843537415,0.26865671641791045,0.2537313432835821,-0.018803418803418806,0.00024253049894075535,0.00023084228212433343,0.00047337278106508875,-1.1688216816421927e-05
P75791,16665.802211417344,397,41.97935065848198,0.6666666666666666,0.4675324675324675,0.5194805194805194,-0.025862068965517238,0.0010404280618311534,0.0011890606420927466,0.0022294887039239,0.00014863258026159322
P0AB26,10085.671199003418,164,61.4979951158745,0.0,0.0,0.0,0.0,0.0,0.125,0.125,0.125
P0A9W3,28568.169594008068,528,54.10638180683346,0.0,0.0,0.0,0.0,0.0,0.0,0.0,0.0
P31545,17113.727787369073,372,46.00464458970181,0.35,0.25301204819277107,0.40963855421686746,-0.0034722222222222238,0.0004099151234567901,0.00044608410493827163,0.0008559992283950617,3.6168981481481534e-05
P34209,12433.527320898083,261,47.63803571225319,0.14285714285714285,0.25862068965517243,0.1896551724137931,-0.04980842911877394,0.0003963535473642489,0.0003816737863507582,0.0007780273337150072,-1.4679761013490695e-05
P76539,9392.262935960696,140,67.08759239971926,0.10344827586206896,0.3333333333333333,0.27450980392156865,-0.05,0.0012755102040816326,0.0009183673469387755,0.0021938775510204084,-0.0003571428571428571
P0A8P1,11496.88099808939,221,52.02208596420538,0.25,0.0,0.8571428571428571,0.0,0.0006925207756232687,0.0020775623268698058,0.0027700831024930744,0.0013850415512465372
P09148,16719.664512892814,340,49.17548386144945,0.2,0.0,0.75,-0.08571428571428572,0.0,0.004081632653061224,0.004081632653061224,0.004081632653061224
P76364,6836.998272347073,106,64.49998370138748,0.2857142857142857,0.38461538461538464,0.6153846153846154,0.0,0.0013717421124828531,0.0017146776406035665,0.0030864197530864196,0.00034293552812071334
P76469,12587.056324714726,256,49.1681887684169,0.12195121951219512,0.3277310924369748,0.29411764705882354,-0.02734375,0.0004119873046875,0.0003204345703125,0.000732421875,-9.1552734375e-05
P0A9J4,13257.702384298105,291,45.559114722673904,0.1896551724137931,0.27007299270072993,0.1897810218978102,-0.03092783505154639,0.0003778887826076688,0.00037788878260766877,0.0007557775652153377,-5.421010862427522e-20
P76541,10222.162169987912,214,47.76711294386875,0.3220338983050847,0.2608695652173913,0.21739130434782608,-0.018691588785046724,0.00043671936413660576,0.0002838675866887937,0.0007205869508253995,-0.00015285177744781204
P32676,6345.721631832628,110,57.68837847120571,0.0,0.0,0.0,0.0,0.0,0.0,0.0,0.0
P0ABF6,12014.331542463167,294,40.865073273684246,0.19298245614035087,0.2803738317757009,0.17757009345794392,-0.003401360544217691,0.00032393909944930353,0.0003123698458975427,0.0006363089453468462,-1.1569253551760815e-05
P0AEK2,11910.337696243418,243,49.013735375487315,0.1282051282051282,0.2734375,0.296875,-0.020576131687242802,0.0003895070195938966,0.0004064421074023269,0.0007959491269962234,1.6935087808430326e-05
P03023,14128.105456982472,300,47.09368485660824,0.2413793103448276,0.3208955223880597,0.2462686567164179,-0.030000000000000002,0.0002777777777777778,0.0002888888888888889,0.0005666666666666667,1.1111111111111098e-05
P0ACD8,21248.998365125353,581,36.5731469279266,0.19387755102040816,0.21428571428571427,0.13095238095238096,-0.012048192771084341,0.000180708079428607,0.0001895953620234565,0.0003703034414520635,8.887282594849497e-06
P75853,16079.402867304148,308,52.20585346527321,0.26785714285714285,0.27007299270072993,0.1897810218978102,0.012987012987012984,0.000295159386068477,0.0003478664192949907,0.0006430258053634676,5.27070332265137e-05
P0A817,15892.311777719595,383,41.494286625899726,0.3894736842105263,0.2204724409448819,0.1732283464566929,0.005221932114882505,0.0003476743314086264,0.0002999543251368542,0.0006476286565454806,-4.772000627177223e-05
P0AB91,14287.262458236966,339,42.145316985949755,0.1,0.3333333333333333,0.20175438596491227,0.03267973856209151,0.00037378785937032766,0.00044854543124439323,0.0008223332906147209,7.475757187406557e-05
P0AEG6,11477.952982933823,216,53.138671217286216,0.1875,0.27710843373493976,0.3132530120481928,0.08333333333333334,0.0005144032921810699,0.0005358367626886146,0.0010502400548696846,2.1433470507544665e-05
P37182,7661.58084327762,162,47.293708909121115,0.3157894736842105,0.265625,0.234375,-0.018518518518518517,0.0008382868465172991,0.0004953513183965859,0.001333638164913885,-0.0003429355281207132
P03819,18733.580506699855,338,55.42479439852028,0.043478260869565216,0.3522727272727273,0.3977272727272727,-0.049079754601226995,0.0008280326696526027,0.0009033083668937484,0.001731341036546351,7.527569724114565e-05
P0AC16,6926.182124075896,115,60.22767064413823,0.2564102564102564,0.34146341463414637,0.36585365853658536,-0.017391304347826084,0.0012854442344045367,0.0007561436672967863,0.002041587901701323,-0.0005293005671077504
P0A9S3,15108.658125763477,346,43.66664198197537,0.2558139534883721,0.25663716814159293,0.19469026548672566,0.005780346820809246,0.00028400547963513645,0.00030906478666176617,0.0005930702662969026,2.5059307026629725e-05
P0A772,7401.238406770801,131,56.49800310512062,0.36,0.35185185185185186,0.2962962962962963,-0.09923664122137404,0.0006992599498863703,0.0008740749373579628,0.0015733348872443331,0.00017481498747159247
P19624,14170.792517308944,321,44.145771081959325,0.75,0.4375,0.375,-0.0425531914893617,0.001358080579447714,0.0009053870529651426,0.0022634676324128564,-0.0004526935264825714
P17117,14177.712674400596,240,59.07380281000248,0.1935483870967742,0.3391304347826087,0.2956521739130435,-0.03333333333333333,0.00041666666666666664,0.0005034722222222222,0.000920138888888889,8.680555555555557e-05
P0A8S9,8100.431565460932,98,82.65746495368298,0.0,0.3088235294117647,0.5,-0.010204081632653062,0.0008329862557267804,0.000937109537692628,0.0017700957934194085,0.00010412328196584761
Q47150,8152.544125696666,83,98.22342320116465,0.0,0.16666666666666666,0.8333333333333334,-0.043478260869565216,0.003780718336483932,0.001890359168241966,0.005671077504725898,-0.001890359168241966
P30749,8443.673067802547,142,59.462486392975684,0.0,0.375,0.625,0.0,0.0034626038781163434,0.0013850415512465374,0.0048476454293628814,-0.002077562326869806
P39315,11699.962823043386,275,42.545319356521404,0.35294117647058826,0.4,0.44,0.0136986301369863,0.000562957402889848,0.000562957402889848,0.001125914805779696,0.0
P0AEK4,12310.026954877145,258,47.713282770841644,0.14285714285714285,0.23333333333333334,0.26666666666666666,-0.003875968992248062,0.0003906015263505799,0.00037557839072171144,0.0007661799170722913,-1.5023135628868456e-05
P77213,16256.943530140845,342,47.53492260275101,0.0,0.0,0.0,0.0,0.006920415224913495,0.0,0.006920415224913495,-0.006920415224913495
P42620,14921.683516517029,327,45.632059683538316,0.17857142857142858,0.1865671641791045,0.19402985074626866,-0.009174311926605505,0.00033667199730662403,0.00038343199693254405,0.000720103994239168,4.675999962592002e-05
P05041,17060.161500449114,437,39.03927116807578,0.3373493975903614,0.3442622950819672,0.32786885245901637,-0.054151624548736454,0.0004561508686415827,0.00037795357687445423,0.0008341044455160368,-7.819729176712848e-05
P32140,15598.395203121025,409,38.137885582203,0.2558139534883721,0.2849740932642487,0.13989637305699482,-0.0053763440860215075,0.00036131344664123023,0.00036131344664123023,0.0007226268932824605,0.0
P0A8Z3,7661.088702578236,129,59.38828451611035,0.35185185185185186,0.30303030303030304,0.30303030303030304,-0.05426356589147287,0.0008412955952166336,0.0009614806802475814,0.001802776275464215,0.00012018508503094775
P0AEJ2,15730.37800718773,379,41.50495516408372,0.17647058823529413,0.2672413793103448,0.22413793103448276,-0.0395778364116095,0.0002854338246043957,0.00029239562520450284,0.0005778294498088985,6.961800600107141e-06
P00861,18519.973898974575,421,43.990436814666445,0.17525773195876287,0.2824427480916031,0.2366412213740458,-0.040380047505938245,0.0002651756647728234,0.0002933858418763153,0.0005585615066491387,2.8210177103491895e-05
P0A7D7,11808.40740133179,228,51.79126053215697,0.42105263157894735,0.0,0.0,0.0,0.0028355387523629487,0.0028355387523629487,0.005671077504725897,0.0
P36979,15188.285092411099,333,45.610465742976274,0.2916666666666667,0.29927007299270075,0.21897810218978103,-0.009009009009009007,0.0003697391084778472,0.00040581121662202745,0.0007755503250998746,3.6072108144180246e-05
P33136,23321.23390321204,480,48.58590396502508,0.0,0.16666666666666666,0.8333333333333334,0.0,0.0013717421124828531,0.0027434842249657062,0.004115226337448559,0.0013717421124828531
P0AEJ6,16367.032732732905,453,36.1303150832956,0.11290322580645161,0.2318181818181818,0.16818181818181818,-0.008830022075055191,0.00027289251446086676,0.00020466938584565001,0.0004775619003065168,-6.822312861521674e-05
P69922,23803.051615157467,591,40.27589105779605,0.19327731092436976,0.1875,0.25416666666666665,-0.011844331641285961,0.00020041170289823953,0.0002004117028982395,0.00040082340579647907,-2.710505431213761e-20
P0AES0,25258.31123347459,582,43.39916019497352,0.32231404958677684,0.3148148148148148,0.16049382716049382,-0.013384321223709368,0.0002741939611521996,0.00023032292736784767,0.0005045168885200472,-4.387103378435193e-05
P0A6C8,11763.145069485648,250,47.052580277942596,0.6,0.2692307692307692,0.6153846153846154,-0.04081632653061224,0.0020824656393169513,0.0012494793835901706,0.003331945022907122,-0.0008329862557267806
P0A6W5,9121.0139437193,151,60.40406585244569,0.5357142857142857,0.38028169014084506,0.38028169014084506,-0.014285714285714277,0.0012755102040816326,0.0008673469387755102,0.0021428571428571425,-0.00040816326530612236
P46852,10770.502702120137,227,47.44714846748959,0.6,0.0,1.0,-0.030303030303030304,0.0009182736455463728,0.0027548209366391185,0.0036730945821854912,0.0018365472910927458
P15067,24328.151659954692,654,37.199008654364974,0.16176470588235295,0.22777777777777777,0.17222222222222222,-0.035168195718654434,0.000177687998578496,0.00019171599846627203,0.000369403997044768,1.4027999887776017e-05
P33644,10301.804128937758,237,43.46752797020151,0.25,0.42857142857142855,0.2857142857142857,0.037974683544303806,0.000801153661272232,0.0014420765902900179,0.00224323025156225,0.0006409229290177858
P0A9D2,10307.248648054474,201,51.27984402017151,0.47619047619047616,0.3333333333333333,0.17647058823529413,0.01990049751243781,0.0006187965644414743,0.0006187965644414742,0.0012375931288829485,-1.0842021724855044e-19
P21888,20298.688981482836,461,44.03186330039661,0.30666666666666664,0.3188405797101449,0.14492753623188406,-0.015184381778741873,0.00032937921428941144,0.0003105575449014451,0.0006399367591908565,-1.8821669387966364e-05
P0AC69,6733.355951136876,113,59.587220806521024,0.15789473684210525,0.31666666666666665,0.31666666666666665,0.02654867256637168,0.0010180906883859348,0.0007048320150364163,0.0017229227034223512,-0.00031325867334951847
A0A140NA,5730.962847042288,90,63.677364967136526,0.37037037037037035,0.2571428571428571,0.4,0.05555555555555556,0.0009876543209876543,0.0019753086419753087,0.002962962962962963,0.0009876543209876543
P46853,15912.772816970111,340,46.802272991088564,0.3103448275862069,0.35135135135135137,0.3918918918918919,0.033707865168539325,0.0005996717586163363,0.000915288473677566,0.001514960232293902,0.00031561671506122975
P0AEZ9,8361.487564178442,166,50.37040701312314,0.5,0.4,0.375,-0.05714285714285714,0.0014512471655328798,0.0009070294784580498,0.0023582766439909295,-0.00054421768707483
P69910,20757.392121504996,438,47.39130621348173,0.2777777777777778,0.26136363636363635,0.26136363636363635,-0.0045662100456621,0.0002971164070807531,0.00027105356435437123,0.0005681699714351244,-2.6062842726381878e-05
P46130,17311.270169133135,397,43.605214531821495,0.11627906976744186,0.3541666666666667,0.1875,-0.030226700251889168,0.00022206853669523948,0.00020937890602694008,0.0004314474427221795,-1.2689630668299404e-05
Q46845,14468.224975361702,284,50.94445413859754,0.16,0.25,0.2,0.007042253521126758,0.0003843483435826225,0.0004587383455663559,0.0008430866891489784,7.43900019837334e-05
P11880,19272.835229712757,430,44.82054704584362,0.21739130434782608,0.4166666666666667,0.3888888888888889,0.0,0.0009073724007561437,0.0007561436672967863,0.00166351606805293,-0.00015122873345935737
P0A9T4,15104.370493057328,346,43.65424997993447,0.07692307692307693,0.2857142857142857,0.21768707482993196,-0.023121387283236997,0.00030071168431955626,0.0003508302983728156,0.0006515419826923719,5.011861405325934e-05
P0AEX9,15387.86890548383,370,41.588834879686026,0.23376623376623376,0.25153374233128833,0.20245398773006135,0.08130081300813008,0.0003598680973259597,0.00030845836913653694,0.0006683264664624966,-5.140972818942275e-05
P0AFW4,6834.650386098488,135,50.62703989702583,0.42857142857142855,0.2631578947368421,0.2894736842105263,-0.04444444444444444,0.0010425240054869685,0.0005486968449931412,0.00159122085048011,-0.0004938271604938273
P37651,14499.876411854633,328,44.20694028004461,0.75,0.375,0.5625,0.02702702702702703,0.0029218407596785976,0.002191380569758948,0.005113221329437545,-0.0007304601899196495
P0AEP3,14474.809159060895,286,50.611220835877255,0.35714285714285715,0.4117647058823529,0.4117647058823529,0.0759493670886076,0.001121615125781125,0.001121615125781125,0.00224323025156225,0.0
P0A6N4,8716.847884791894,134,65.05110361784996,0.417910447761194,0.2857142857142857,0.2857142857142857,0.022388059701492536,0.001002450434395188,0.0006126085987970594,0.0016150590331922474,-0.0003898418355981286
P63883,15863.712349192343,348,45.585380313771104,0.36923076923076925,0.4444444444444444,0.3333333333333333,-0.008620689655172417,0.00066884661117717,0.0009661117717003568,0.0016349583828775267,0.00029726516052318676
P28632,5989.085576803023,102,58.71652526277474,0.2222222222222222,0.275,0.425,-0.0392156862745098,0.0008650519031141869,0.0005767012687427913,0.0014417531718569781,-0.0002883506343713956
Q46891,11560.010194950384,256,45.15628982402494,0.0,0.0,0.0,0.0,0.0,0.0,0.0,0.0
P0A6D5,13901.756336658827,276,50.36868237919865,0.0,0.0,0.0,0.0,0.0,0.0,0.0,0.0
P13035,20480.440992560896,494,41.458382576034204,0.2125984251968504,0.22459893048128343,0.18716577540106952,-0.02631578947368421,0.00025815863233293447,0.00030733170515825534,0.0005654903374911898,4.917307282532087e-05
P0A988,18144.655409784293,366,49.57556122891883,0.25748502994011974,0.32098765432098764,0.18518518518518517,-0.035519125683060114,0.0003433963390964197,0.0003060706500642002,0.00064946698916062,-3.732568903221952e-05
P69829,7878.134313513079,150,52.52089542342053,0.11428571428571428,0.3333333333333333,0.2463768115942029,-0.013333333333333329,0.0007555555555555555,0.0008444444444444444,0.0016,8.888888888888889e-05
P0AEZ1,13483.851366285498,284,47.47834988128697,0.3333333333333333,0.3333333333333333,0.48148148148148145,-0.050420168067226885,0.0009180142645293411,0.0010592472283030858,0.001977261492832427,0.00014123296377374465
P07862,12869.753146805673,306,42.05801681962638,0.2647058823529412,0.28431372549019607,0.23529411764705882,0.00980392156862745,0.0003844675124951941,0.0002669913281216626,0.0006514588406168567,-0.00011747618437353151
P76518,19059.256944306748,375,50.824685184817994,0.2777777777777778,0.2727272727272727,0.2922077922077922,0.0026666666666666644,0.0002631111111111111,0.0002773333333333333,0.0005404444444444444,1.4222222222222219e-05
P02924,12560.326305673147,305,41.181397723518515,0.19402985074626866,0.30344827586206896,0.19310344827586207,0.0721311475409836,0.0004192421392098898,0.0004084923407686106,0.0008277344799785004,-1.074979844127924e-05
P00962,23864.85363938048,529,45.113144875955534,0.23255813953488372,0.3157894736842105,0.21052631578947367,-0.01839080459770115,0.00033822169375082576,0.000348791121680539,0.0006870128154313648,1.0569427929713244e-05
Q46948,8933.72614742382,195,45.813980243199076,0.1282051282051282,0.36486486486486486,0.17567567567567569,0.010256410256410262,0.0005522682445759368,0.00047337278106508875,0.0010256410256410256,-7.889546351084808e-05
P16384,15720.705057784815,305,51.54329527142562,0.15151515151515152,0.32515337423312884,0.3067484662576687,-0.049180327868852465,0.0004084923407686106,0.0004084923407686106,0.0008169846815372212,0.0
P29208,13531.06855852828,298,45.40627033063181,0.0,0.0,0.0,0.0,0.0,0.00510204081632653,0.00510204081632653,0.00510204081632653
P0AFG8,30691.45919542308,801,38.31642845870547,0.06060606060606061,0.32919254658385094,0.16149068322981366,0.017391304347826084,0.0003528670447385003,0.0003864734299516908,0.000739340474690191,3.360638521319049e-05
P09394,14374.481712671814,328,43.824639367901874,0.17647058823529413,0.35454545454545455,0.17272727272727273,0.05792682926829269,0.00046475312314098747,0.00042757287328970854,0.000892325996430696,-3.718024985127893e-05
P12994,7803.586277374893,154,50.67263816477203,0.0,0.0,0.0,0.0,0.0,0.0,0.0,0.0
P09155,19423.688960957083,375,51.79650389588555,0.0967741935483871,0.2968036529680365,0.2237442922374429,-0.032,0.00034133333333333335,0.0002986666666666667,0.0006399999999999999,-4.2666666666666656e-05
P76194,8802.091159466814,140,62.872079710477244,1.0,0.25925925925925924,0.5555555555555556,-0.03571428571428571,0.002232142857142857,0.001913265306122449,0.0041454081632653055,-0.0003188775510204081
P0AD61,19871.34306202444,467,42.55105580733285,0.16049382716049382,0.3769230769230769,0.2,0.028985507246376815,0.00040327662255828606,0.0003528670447385003,0.0007561436672967863,-5.040957781978574e-05
P00914,20339.790706285155,469,43.368423680778584,0.2857142857142857,0.2727272727272727,0.1652892561983471,-0.038379530916844345,0.00023185928414582585,0.0002818681493537491,0.000513727433499575,5.000886520792325e-05
P0A784,9423.198441685818,180,52.3511024538101,0.21875,0.2441860465116279,0.29069767441860467,-0.02222222222222222,0.0008641975308641976,0.0006790123456790124,0.00154320987654321,-0.00018518518518518515
P0A796,14517.44543366421,320,45.36701698020066,0.18333333333333332,0.26666666666666666,0.26,-0.025,0.00041015625000000004,0.000390625,0.0008007812500000001,-1.9531250000000017e-05
P33362,12532.016569314319,281,44.59792373421466,0.25,0.2608695652173913,0.2391304347826087,0.04982206405693951,0.0003546054381276833,0.0003166119983282887,0.000671217436455972,-3.79934397993946e-05
P0A7Z0,8806.130482782566,163,54.025340385169116,0.0,0.0,0.0,0.0,0.0,0.0,0.0,0.0
P32125,10714.528661219822,158,67.81347253936596,0.0,0.5,0.5,0.048780487804878044,0.0,0.0035693039857227844,0.0035693039857227844,0.0035693039857227844
Q46927,11767.987126531989,243,48.42793056186004,0.2857142857142857,0.25,0.3181818181818182,-0.018957345971563976,0.0004716875182498147,0.0005166101390355113,0.000988297657285326,4.492262078569664e-05
B7MIY4,9495.466022379762,208,45.65127895374886,0.23333333333333334,0.23728813559322035,0.22033898305084745,-0.024038461538461536,0.0005085059171597633,0.0006009615384615385,0.0011094674556213018,9.245562130177519e-05
P04036,13639.196503795038,272,50.14410479336411,0.2833333333333333,0.29213483146067415,0.21348314606741572,-0.011029411764705878,0.0004730752595155709,0.00045955882352941176,0.0009326340830449827,-1.351643598615916e-05
P27248,16421.66956846448,351,46.78538338593869,0.0,0.3333333333333333,0.6666666666666666,0.0,0.0,0.0,0.0,0.0
P0A6K3,9039.28206864359,165,54.78352768874903,0.25,0.3728813559322034,0.1694915254237288,-0.012121212121212116,0.0011019283746556475,0.0009182736455463727,0.00202020202020202,-0.0001836547291092748
P0A6Y1,7961.5656773627525,94,84.69750720598672,0.37037037037037035,0.39473684210526316,0.4473684210526316,0.0,0.001244907197827071,0.0019239474875509279,0.0031688546853779987,0.0006790402897238568
P39408,11824.97176097157,259,45.656261625372856,0.06976744186046512,0.25203252032520324,0.23577235772357724,-0.030888030888030882,0.0004472205244406017,0.0005068499276993485,0.0009540704521399503,5.9629403258746824e-05
P24182,18465.96265918288,434,42.54830105802507,0.2727272727272727,0.25675675675675674,0.40540540540540543,0.02500000000000001,0.0005859375,0.00078125,0.0013671875000000001,0.00019531250000000007
P66899,15377.916720873003,365,42.131278687323295,0.0,0.35714285714285715,0.6428571428571429,0.042553191489361694,0.0004526935264825713,0.0018107741059302852,0.0022634676324128564,0.001358080579447714
P0A7Y4,8717.326674642518,155,56.24081725575818,0.3617021276595745,0.2727272727272727,0.23636363636363636,0.006451612903225802,0.0007075962539021853,0.0009573361082206035,0.0016649323621227888,0.0002497398543184182
P16525,18257.25688868178,305,59.85985865141567,0.40476190476190477,0.35344827586206895,0.3017241379310345,-0.01311475409836066,0.000333243751679656,0.0006019887127116367,0.0009352324643912927,0.0002687449610319807
P0A9J6,13315.095625992002,305,43.65605123276066,0.30666666666666664,0.26495726495726496,0.1794871794871795,-0.016393442622950817,0.00036549314700349373,0.0002794947594732599,0.0006449879064767535,-8.599838753023381e-05
P0A8N7,14360.002355547624,297,48.35017628130513,0.41935483870967744,0.4528301886792453,0.39622641509433965,-0.0625,0.0006640625,0.0006250000000000001,0.0012890625000000003,-3.9062499999999926e-05
P0A7F3,10681.41174317032,153,69.81314864817203,0.2571428571428571,0.23529411764705882,0.35294117647058826,0.01960784313725491,0.0007262164124909223,0.0008543722499893203,0.0015805886624802427,0.00012815583749839802
P05458,39982.646293988786,937,42.67091386765079,0.2,0.3171912832929782,0.15980629539951574,0.0192102454642476,0.0001298451312062271,0.0001287061388272251,0.0002585512700334522,-1.1389923790020007e-06
